{
    "products": [
        {
            "id": 0,
            "title": "Туш для вій Dior",
            "brand": "Dior",
            "price": 1080,
            "like": false,
            "cart": false,
            "category": "Очі",
            "discount": 0,
            "quantity": 10,
            "description": "DESCRIPTION DESCRIPTION DESCRIPTION",
            "usage": "USAGE USAGE USAGE USAGE",
            "image": ["https://shop.dior.com.au/cdn/shop/products/3348901566780_1_450x.jpg?v=1629269675","https://shop.dior.com.au/cdn/shop/products/3348901566780_1_450x.jpg?v=1629269675","https://shop.dior.com.au/cdn/shop/products/3348901566780_1_450x.jpg?v=1629269675"],
            "color": {"black": "#000", "white": "#fff"},
            "more": ["VOLUE: 8ml", "VODOSTIJKA"],
            "ingredient": "SKLAD SKLAD SKLAD SKLAD",
            "type": "makeup"
        },
        {
            "id": 1,
            "title": "Туш для вій Dior2",
            "brand": "Dior",
            "price": 1080,
            "like": false,
            "cart": false,
            "category": "Очі",
            "discount": 10,
            "quantity": 5,
            "description": "DESCRIPTION DESCRIPTION DESCRIPTION",
            "usage": "USAGE USAGE USAGE USAGE",
            "image": ["https://shop.dior.com.au/cdn/shop/products/3348901566780_1_450x.jpg?v=1629269675","https://shop.dior.com.au/cdn/shop/products/3348901566780_1_450x.jpg?v=1629269675","https://shop.dior.com.au/cdn/shop/products/3348901566780_1_450x.jpg?v=1629269675"],
            "color": {"black": "#000", "white": "#fff"},
            "more": ["VOLUE: 8ml", "VODOSTIJKA"],
            "ingredient": "SKLAD SKLAD SKLAD SKLAD",
            "type": "makeup"
        },
        {
            "id": 2,
            "title": "Туш для вій Dior3",
            "brand": "Dior",
            "price": 1080,
            "like": false,
            "cart": false,
            "category": "Очі",
            "discount": 20,
            "quantity": 0,
            "description": "DESCRIPTION DESCRIPTION DESCRIPTION",
            "usage": "USAGE USAGE USAGE USAGE",
            "image": ["https://shop.dior.com.au/cdn/shop/products/3348901566780_1_450x.jpg?v=1629269675","https://shop.dior.com.au/cdn/shop/products/3348901566780_1_450x.jpg?v=1629269675","https://shop.dior.com.au/cdn/shop/products/3348901566780_1_450x.jpg?v=1629269675"],
            "color": {"black": "#000", "white": "#fff"},
            "more": ["VOLUE: 8ml", "VODOSTIJKA"],
            "ingredient": "SKLAD SKLAD SKLAD SKLAD",
            "type": "makeup"
        },
        {
            "id": 3,
            "title": "Кремові рум’яна Nars",
            "brand": "Nars",
            "price": 1400,
            "like": true,
            "cart": false,
            "category": "Обличчя",
            "discount": 20,
            "quantity": 10,
            "description": "DESCRIPTION DESCRIPTION DESCRIPTION",
            "usage": "USAGE USAGE USAGE USAGE",
            "image": ["https://shop.dior.com.au/cdn/shop/products/3348901566780_1_450x.jpg?v=1629269675","https://shop.dior.com.au/cdn/shop/products/3348901566780_1_450x.jpg?v=1629269675","https://shop.dior.com.au/cdn/shop/products/3348901566780_1_450x.jpg?v=1629269675"],
            "color": {"black": "#000", "white": "#fff"},
            "more": ["VOLUE: 8ml", "VODOSTIJKA"],
            "ingredient": "SKLAD SKLAD SKLAD SKLAD",
            "type": "face" 
        },
        {
            "id": 4,
            "title": "Кремові рум’яна Nars",
            "brand": "Nars",
            "price": 1400,
            "like": true,
            "cart": false,
            "category": "Обличчя",
            "discount": 0,
            "quantity": 0,
            "description": "DESCRIPTION DESCRIPTION DESCRIPTION",
            "usage": "USAGE USAGE USAGE USAGE",
            "image": ["https://shop.dior.com.au/cdn/shop/products/3348901566780_1_450x.jpg?v=1629269675","https://shop.dior.com.au/cdn/shop/products/3348901566780_1_450x.jpg?v=1629269675","https://shop.dior.com.au/cdn/shop/products/3348901566780_1_450x.jpg?v=1629269675"],
            "color": {"black": "#000", "white": "#fff"},
            "more": ["VOLUE: 8ml", "VODOSTIJKA"],
            "ingredient": "SKLAD SKLAD SKLAD SKLAD",
            "type": "face" 
        },
        {
            "id": 5,
            "title": "Кремові рум’яна Nars",
            "brand": "Nars",
            "price": 1400,
            "like": false,
            "cart": true,
            "category": "Обличчя",
            "discount": 50,
            "quantity": 10,
            "description": "DESCRIPTION DESCRIPTION DESCRIPTION",
            "usage": "USAGE USAGE USAGE USAGE",
            "image": ["https://shop.dior.com.au/cdn/shop/products/3348901566780_1_450x.jpg?v=1629269675","https://shop.dior.com.au/cdn/shop/products/3348901566780_1_450x.jpg?v=1629269675","https://shop.dior.com.au/cdn/shop/products/3348901566780_1_450x.jpg?v=1629269675"],
            "color": {"black": "#000", "white": "#fff"},
            "more": ["VOLUE: 8ml", "VODOSTIJKA"],
            "ingredient": "SKLAD SKLAD SKLAD SKLAD",
            "type": "face" 
        },
        {
            "id": 6,
            "title": "Палетка Charlotte Tilbury",
            "brand": "Charlotte Tilbury",
            "price": 1600,
            "like": true,
            "cart": true,
            "category": "Брови",
            "discount": 20,
            "quantity": 0,
            "description": "DESCRIPTION DESCRIPTION DESCRIPTION",
            "usage": "USAGE USAGE USAGE USAGE",
            "image": ["https://shop.dior.com.au/cdn/shop/products/3348901566780_1_450x.jpg?v=1629269675","https://shop.dior.com.au/cdn/shop/products/3348901566780_1_450x.jpg?v=1629269675","https://shop.dior.com.au/cdn/shop/products/3348901566780_1_450x.jpg?v=1629269675"],
            "color": {"black": "#000", "white": "#fff"},
            "more": ["VOLUE: 8ml", "VODOSTIJKA"],
            "ingredient": "SKLAD SKLAD SKLAD SKLAD",
            "type": "hair"
        },
        {
            "id": 7,
            "title": "Палетка Charlotte Tilbury",
            "brand": "Charlotte Tilbury",
            "price": 1600,
            "like": true,
            "cart": true,
            "category": "Брови",
            "discount": 20,
            "quantity": 0,
            "description": "DESCRIPTION DESCRIPTION DESCRIPTION",
            "usage": "USAGE USAGE USAGE USAGE",
            "image": ["https://shop.dior.com.au/cdn/shop/products/3348901566780_1_450x.jpg?v=1629269675","https://shop.dior.com.au/cdn/shop/products/3348901566780_1_450x.jpg?v=1629269675","https://shop.dior.com.au/cdn/shop/products/3348901566780_1_450x.jpg?v=1629269675"],
            "color": {"black": "#000", "white": "#fff"},
            "more": ["VOLUE: 8ml", "VODOSTIJKA"],
            "ingredient": "SKLAD SKLAD SKLAD SKLAD",
            "type": "hair"
        },
        {
            "id": 8,
            "title": "Палетка Charlotte Tilbury",
            "brand": "Charlotte Tilbury",
            "price": 1600,
            "like": true,
            "cart": true,
            "category": "Брови",
            "discount": 20,
            "quantity": 0,
            "description": "DESCRIPTION DESCRIPTION DESCRIPTION",
            "usage": "USAGE USAGE USAGE USAGE",
            "image": ["https://shop.dior.com.au/cdn/shop/products/3348901566780_1_450x.jpg?v=1629269675","https://shop.dior.com.au/cdn/shop/products/3348901566780_1_450x.jpg?v=1629269675","https://shop.dior.com.au/cdn/shop/products/3348901566780_1_450x.jpg?v=1629269675"],
            "color": {"black": "#000", "white": "#fff"},
            "more": ["VOLUE: 8ml", "VODOSTIJKA"],
            "ingredient": "SKLAD SKLAD SKLAD SKLAD",
            "type": "hair"
        },
        {
            "id": 9,
            "title": "Туш для вій Dior3",
            "brand": "Dior",
            "price": 1080,
            "like": false,
            "cart": false,
            "category": "Очі",
            "discount": 20,
            "quantity": 0,
            "description": "DESCRIPTION DESCRIPTION DESCRIPTION",
            "usage": "USAGE USAGE USAGE USAGE",
            "image": ["https://shop.dior.com.au/cdn/shop/products/3348901566780_1_450x.jpg?v=1629269675","https://shop.dior.com.au/cdn/shop/products/3348901566780_1_450x.jpg?v=1629269675","https://shop.dior.com.au/cdn/shop/products/3348901566780_1_450x.jpg?v=1629269675"],
            "color": {"black": "#000", "white": "#fff"},
            "more": ["VOLUE: 8ml", "VODOSTIJKA"],
            "ingredient": "SKLAD SKLAD SKLAD SKLAD",
            "type": "sets"
        },
        {
            "id": 10,
            "title": "Туш для вій Dior3",
            "brand": "Dior",
            "price": 1080,
            "like": false,
            "cart": false,
            "category": "Очі",
            "discount": 20,
            "quantity": 0,
            "description": "DESCRIPTION DESCRIPTION DESCRIPTION",
            "usage": "USAGE USAGE USAGE USAGE",
            "image": ["https://shop.dior.com.au/cdn/shop/products/3348901566780_1_450x.jpg?v=1629269675","https://shop.dior.com.au/cdn/shop/products/3348901566780_1_450x.jpg?v=1629269675","https://shop.dior.com.au/cdn/shop/products/3348901566780_1_450x.jpg?v=1629269675"],
            "color": {"black": "#000", "white": "#fff"},
            "more": ["VOLUE: 8ml", "VODOSTIJKA"],
            "ingredient": "SKLAD SKLAD SKLAD SKLAD",
            "type": "sets"
        },
        {
            "id": 11,
            "title": "Туш для вій Dior3",
            "brand": "Dior",
            "price": 1080,
            "like": false,
            "cart": false,
            "category": "Очі",
            "discount": 20,
            "quantity": 0,
            "description": "DESCRIPTION DESCRIPTION DESCRIPTION",
            "usage": "USAGE USAGE USAGE USAGE",
            "image": ["https://shop.dior.com.au/cdn/shop/products/3348901566780_1_450x.jpg?v=1629269675","https://shop.dior.com.au/cdn/shop/products/3348901566780_1_450x.jpg?v=1629269675","https://shop.dior.com.au/cdn/shop/products/3348901566780_1_450x.jpg?v=1629269675"],
            "color": {"black": "#000", "white": "#fff"},
            "more": ["VOLUE: 8ml", "VODOSTIJKA"],
            "ingredient": "SKLAD SKLAD SKLAD SKLAD",
            "type": "sets"
        },
        {
            "id": 12,
            "title": "Туш для вій",
            "brand": "Dior",
            "price": 1080,
            "like": false,
            "cart": false,
            "category": "Очі",
            "discount": 20,
            "quantity": 10,
            "description": "DESCRIPTION DESCRIPTION DESCRIPTION",
            "usage": "USAGE USAGE USAGE USAGE",
            "image": ["https://shop.dior.com.au/cdn/shop/products/3348901566780_1_450x.jpg?v=1629269675","https://shop.dior.com.au/cdn/shop/products/3348901566780_1_450x.jpg?v=1629269675","https://shop.dior.com.au/cdn/shop/products/3348901566780_1_450x.jpg?v=1629269675"],
            "color": {"black": "#000", "white": "#fff"},
            "more": ["VOLUE: 8ml", "VODOSTIJKA"],
            "ingredient": "SKLAD SKLAD SKLAD SKLAD",
            "type": "sets"
        }
    ]
}