{
    "slider": [
        { "id": 1, "title": "Оригінальна косметика", "description": "Безкоштовна доставка на суму товарів від 3000 грн", "button": "Обери свій догляд", "image": "https://images.squarespace-cdn.com/content/v1/5ab6b1cbe17ba30516f4339e/1584904228613-WTP6D7OAFJPRYDRZQXBQ/Dior+motion.gif", "buttonLink": "/catalogue" },
        { "id": 2, "title": "Оригінальна косметика", "description": "Безкоштовна доставка на суму товарів від 3000 грн", "button": "Обери свій догляд", "image": "https://curatedition.com/wp-content/uploads/2021/01/Curatedition-Rouge-Dior-2021_3.gif", "buttonLink": "/catalogue" }
    ]
}